{
    "num_test": 40,
    "ALL": {
        "rouge1": 0.5208142065617476,
        "rouge2": 0.24369024948019485,
        "rougeL": 0.28444916878855897,
        "rougeLsum": 0.47164729400086036,
        "bertscore-precision": 0.6760970890522003,
        "bertscore-recall": 0.6873699650168419,
        "bertscore-f1": 0.681561416387558,
        "bleurt": 0.37289581075310707
    }
}