{
    "num_test": 40,
    "ALL": {
        "rouge1": 0.5345754254642687,
        "rouge2": 0.2507753849146447,
        "rougeL": 0.2963143902895834,
        "rougeLsum": 0.48618168739147033,
        "bertscore-precision": 0.6792653575539589,
        "bertscore-recall": 0.6940704688429833,
        "bertscore-f1": 0.6862973928451538,
        "bleurt": 0.385206738114357
    }
}