{
    "num_test": 40,
    "ALL": {
        "rouge1": 0.5276926460584288,
        "rouge2": 0.24381721074671633,
        "rougeL": 0.2854793385832702,
        "rougeLsum": 0.4803364619105098,
        "bertscore-precision": 0.6789659529924392,
        "bertscore-recall": 0.6904226943850518,
        "bertscore-f1": 0.6845799311995506,
        "bleurt": 0.36413661763072014
    }
}