{
    "num_test": 40,
    "ALL": {
        "rouge1": 0.14643958748438402,
        "rouge2": 0.04468883685460939,
        "rougeL": 0.08049478524898739,
        "rougeLsum": 0.13043686678139904,
        "bertscore-precision": 0.4334899015724659,
        "bertscore-recall": 0.3778679646551609,
        "bertscore-f1": 0.3979992359876633,
        "bleurt": 0.2964787881821394
    }
}