{
    "num_test": 40,
    "ALL": {
        "rouge1": 0.1569868684691051,
        "rouge2": 0.04854052455063029,
        "rougeL": 0.08618551671022617,
        "rougeLsum": 0.14383775471367327,
        "bertscore-precision": 0.4490880012512207,
        "bertscore-recall": 0.38035302311182023,
        "bertscore-f1": 0.40591637082397936,
        "bleurt": 0.30775234699249265
    }
}