{
    "num_test": 40,
    "ALL": {
        "rouge1": 0.5014574405890747,
        "rouge2": 0.20723161877815083,
        "rougeL": 0.28475202104191466,
        "rougeLsum": 0.4760158773862388,
        "bertscore-precision": 0.6504502311348915,
        "bertscore-recall": 0.6658935219049453,
        "bertscore-f1": 0.658027520775795,
        "bleurt": 0.3991418033838272
    }
}