{
    "num_test": 40,
    "ALL": {
        "rouge1": 0.5095455958691477,
        "rouge2": 0.21374492742058138,
        "rougeL": 0.28841587669631163,
        "rougeLsum": 0.4792956368094421,
        "bertscore-precision": 0.650049164891243,
        "bertscore-recall": 0.668396545946598,
        "bertscore-f1": 0.6589977771043778,
        "bleurt": 0.3946217231452465
    }
}