{
    "num_test": 40,
    "ALL": {
        "rouge1": 0.5083475056269082,
        "rouge2": 0.21205978364564748,
        "rougeL": 0.29322449183902577,
        "rougeLsum": 0.4739215166386945,
        "bertscore-precision": 0.648461765050888,
        "bertscore-recall": 0.6714770287275315,
        "bertscore-f1": 0.6595840021967888,
        "bleurt": 0.39578409790992736
    }
}