{
    "num_test": 40,
    "ALL": {
        "rouge1": 0.4350405894361632,
        "rouge2": 0.16576011500985954,
        "rougeL": 0.24063140400054941,
        "rougeLsum": 0.3998391454261886,
        "bertscore-precision": 0.6491064593195915,
        "bertscore-recall": 0.6243111848831177,
        "bertscore-f1": 0.6361803114414215,
        "bleurt": 0.36519004553556444
    }
}