{
    "num_test": 40,
    "ALL": {
        "rouge1": 0.29139599106313047,
        "rouge2": 0.10257255135011349,
        "rougeL": 0.16001481447634608,
        "rougeLsum": 0.2603151181627775,
        "bertscore-precision": 0.560003237426281,
        "bertscore-recall": 0.5105900712311268,
        "bertscore-f1": 0.5317793767899275,
        "bleurt": 0.3436321634799242
    }
}