{
    "num_test": 40,
    "ALL": {
        "rouge1": 0.49815730626770166,
        "rouge2": 0.24167147594443295,
        "rougeL": 0.3061974323147337,
        "rougeLsum": 0.4558624729097843,
        "bertscore-precision": 0.6837624534964561,
        "bertscore-recall": 0.6736528806388378,
        "bertscore-f1": 0.6784170717000961,
        "bleurt": 0.41066200882196424
    }
}