{
    "num_test": 40,
    "ALL": {
        "rouge1": 0.40539575847578674,
        "rouge2": 0.1536649050343156,
        "rougeL": 0.22302816500052902,
        "rougeLsum": 0.37762645728841193,
        "bertscore-precision": 0.6457828357815742,
        "bertscore-recall": 0.6123375862836837,
        "bertscore-f1": 0.6279507555067539,
        "bleurt": 0.3549316208809614
    }
}