{
    "num_test": 40,
    "ALL": {
        "rouge1": 0.455475150556059,
        "rouge2": 0.21795439444727233,
        "rougeL": 0.2810869613049094,
        "rougeLsum": 0.42173013653542296,
        "bertscore-precision": 0.6596312053501606,
        "bertscore-recall": 0.634212389588356,
        "bertscore-f1": 0.6442318767309189,
        "bleurt": 0.3008703116327524
    }
}