{
    "num_test": 40,
    "ALL": {
        "rouge1": 0.5960486150461813,
        "rouge2": 0.32904148279394996,
        "rougeL": 0.3927950428779655,
        "rougeLsum": 0.5502428823894938,
        "bertscore-precision": 0.7320907697081566,
        "bertscore-recall": 0.7320584431290627,
        "bertscore-f1": 0.7319614619016648,
        "bleurt": 0.4097548522055149
    }
}