{
    "num_test": 40,
    "ALL": {
        "rouge1": 0.3960089075866223,
        "rouge2": 0.1457375665074788,
        "rougeL": 0.21339763098821782,
        "rougeLsum": 0.3673448925639984,
        "bertscore-precision": 0.6463268861174584,
        "bertscore-recall": 0.616769491136074,
        "bertscore-f1": 0.631107072532177,
        "bleurt": 0.32814096882939336
    }
}