{
    "num_test": 40,
    "ALL": {
        "rouge1": 0.2832420288775546,
        "rouge2": 0.10327786293435133,
        "rougeL": 0.16266589639520487,
        "rougeLsum": 0.25252709398254175,
        "bertscore-precision": 0.5525674089789391,
        "bertscore-recall": 0.5256389405578374,
        "bertscore-f1": 0.5364025171846152,
        "bleurt": 0.3568750016391277
    }
}