{
    "num_test": 40,
    "ALL": {
        "rouge1": 0.5615625079894053,
        "rouge2": 0.28913698244817293,
        "rougeL": 0.352998237411986,
        "rougeLsum": 0.5159519143921003,
        "bertscore-precision": 0.705607021600008,
        "bertscore-recall": 0.7031445533037186,
        "bertscore-f1": 0.7034038826823235,
        "bleurt": 0.41053135991096495
    }
}