{
    "num_test": 40,
    "ALL": {
        "rouge1": 0.33395834695474474,
        "rouge2": 0.13671488181742486,
        "rougeL": 0.20400724068670914,
        "rougeLsum": 0.3069521012695573,
        "bertscore-precision": 0.5803648680448532,
        "bertscore-recall": 0.551200982928276,
        "bertscore-f1": 0.5642195411026478,
        "bleurt": 0.36732969582080843
    }
}