{
    "num_test": 40,
    "ALL": {
        "rouge1": 0.4985635156240001,
        "rouge2": 0.2380802946192629,
        "rougeL": 0.3016972927122682,
        "rougeLsum": 0.46588289735590943,
        "bertscore-precision": 0.6903010219335556,
        "bertscore-recall": 0.6829686030745507,
        "bertscore-f1": 0.6863592609763145,
        "bleurt": 0.4119304120540619
    }
}