{
    "num_test": 40,
    "ALL": {
        "rouge1": 0.5891204873263832,
        "rouge2": 0.31735948760363186,
        "rougeL": 0.3733614822358402,
        "rougeLsum": 0.5490779714119469,
        "bertscore-precision": 0.7297650784254074,
        "bertscore-recall": 0.7258703142404557,
        "bertscore-f1": 0.7275424584746361,
        "bleurt": 0.41429445892572403
    }
}