{
    "num_test": 40,
    "ALL": {
        "rouge1": 0.4884293465321511,
        "rouge2": 0.2333081333234329,
        "rougeL": 0.2968211995422099,
        "rougeLsum": 0.4474761993780209,
        "bertscore-precision": 0.6711885169148445,
        "bertscore-recall": 0.6740268468856812,
        "bertscore-f1": 0.6720350667834282,
        "bleurt": 0.38426513895392417
    }
}