{
    "num_test": 40,
    "ALL": {
        "rouge1": 0.3763147741746079,
        "rouge2": 0.1747361662725234,
        "rougeL": 0.24137417645649112,
        "rougeLsum": 0.3406350567991054,
        "bertscore-precision": 0.5979257859289646,
        "bertscore-recall": 0.5527585849165917,
        "bertscore-f1": 0.5734536916017532,
        "bleurt": 0.42183746844530107
    }
}