{
    "num_test": 40,
    "ALL": {
        "rouge1": 0.44893057780451473,
        "rouge2": 0.23004761323119377,
        "rougeL": 0.28679405129353047,
        "rougeLsum": 0.4076903238366709,
        "bertscore-precision": 0.650730837881565,
        "bertscore-recall": 0.6235084261745214,
        "bertscore-f1": 0.6338274396955967,
        "bleurt": 0.37747818753123286
    }
}