{
    "num_test": 40,
    "ALL": {
        "rouge1": 0.461842306844985,
        "rouge2": 0.1929527382414446,
        "rougeL": 0.26595803709249877,
        "rougeLsum": 0.41661871812571494,
        "bertscore-precision": 0.6673958241939545,
        "bertscore-recall": 0.62413110435009,
        "bertscore-f1": 0.6448910593986511,
        "bleurt": 0.39476987570524213
    }
}