{
    "num_test": 40,
    "ALL": {
        "rouge1": 0.3804395410211146,
        "rouge2": 0.17842124454772224,
        "rougeL": 0.2438285525852998,
        "rougeLsum": 0.3476749119391087,
        "bertscore-precision": 0.6174879111349583,
        "bertscore-recall": 0.5692450851202011,
        "bertscore-f1": 0.5917113982141018,
        "bleurt": 0.41639640778303144
    }
}