{
    "num_test": 40,
    "ALL": {
        "rouge1": 0.011335988706435832,
        "rouge2": 0.002788844621513944,
        "rougeL": 0.006657097163282518,
        "rougeLsum": 0.011087479760113761,
        "bertscore-precision": 0.4084808677434921,
        "bertscore-recall": 0.263070522993803,
        "bertscore-f1": 0.31789257377386093,
        "bleurt": 0.21065440513193606
    }
}