{
    "num_test": 40,
    "ALL": {
        "rouge1": 0.3594238697422415,
        "rouge2": 0.17447853463091717,
        "rougeL": 0.23844892986881855,
        "rougeLsum": 0.3307694415097456,
        "bertscore-precision": 0.6031324371695519,
        "bertscore-recall": 0.5595059983432293,
        "bertscore-f1": 0.5797095440328122,
        "bleurt": 0.42137145027518275
    }
}