{
    "num_test": 40,
    "ALL": {
        "rouge1": 0.5096876151481696,
        "rouge2": 0.26889235414006907,
        "rougeL": 0.3373283262918228,
        "rougeLsum": 0.47067173855309113,
        "bertscore-precision": 0.6753846995532513,
        "bertscore-recall": 0.6590767726302147,
        "bertscore-f1": 0.6664149552583695,
        "bleurt": 0.4308831594884396
    }
}