{
    "num_test": 40,
    "ALL": {
        "rouge1": 0.5137245480402317,
        "rouge2": 0.2627822238006128,
        "rougeL": 0.33688506743976515,
        "rougeLsum": 0.47262772592802493,
        "bertscore-precision": 0.6841469272971153,
        "bertscore-recall": 0.6592203304171562,
        "bertscore-f1": 0.670504754036665,
        "bleurt": 0.42989892661571505
    }
}