{
    "num_test": 40,
    "ALL": {
        "rouge1": 0.4688423884915437,
        "rouge2": 0.22809746954145002,
        "rougeL": 0.29257497596404625,
        "rougeLsum": 0.42661071094016034,
        "bertscore-precision": 0.6738107867538929,
        "bertscore-recall": 0.655619640648365,
        "bertscore-f1": 0.662491862475872,
        "bleurt": 0.3877836477011442
    }
}