{
    "num_test": 40,
    "ALL": {
        "rouge1": 0.45017232414696357,
        "rouge2": 0.19541249165598637,
        "rougeL": 0.26724991857036884,
        "rougeLsum": 0.4131723258135457,
        "bertscore-precision": 0.6655076891183853,
        "bertscore-recall": 0.6192341580986976,
        "bertscore-f1": 0.6413011536002159,
        "bleurt": 0.3902357883751392
    }
}