{
    "num_test": 40,
    "ALL": {
        "rouge1": 0.5274031625563012,
        "rouge2": 0.2731779760511607,
        "rougeL": 0.347347371723317,
        "rougeLsum": 0.48452018724029655,
        "bertscore-precision": 0.680038957297802,
        "bertscore-recall": 0.6749351166188717,
        "bertscore-f1": 0.6768058985471725,
        "bleurt": 0.4285919427871704
    }
}