{
    "num_test": 40,
    "ALL": {
        "rouge1": 0.084671074673384,
        "rouge2": 0.03133096115356112,
        "rougeL": 0.05148094248257791,
        "rougeLsum": 0.08086434083484509,
        "bertscore-precision": 0.4562323704361916,
        "bertscore-recall": 0.33114613555371764,
        "bertscore-f1": 0.3772714763879776,
        "bleurt": 0.22658833842724563
    }
}