{
    "num_test": 40,
    "ALL": {
        "rouge1": 0.04790142550377302,
        "rouge2": 0.015602119551778043,
        "rougeL": 0.026489553715604942,
        "rougeLsum": 0.045547604353702,
        "bertscore-precision": 0.462842683494091,
        "bertscore-recall": 0.30596023947000506,
        "bertscore-f1": 0.3633003316819668,
        "bleurt": 0.2202870611101389
    }
}