{
    "num_test": 40,
    "ALL": {
        "rouge1": 0.4700060005428382,
        "rouge2": 0.23729709173410832,
        "rougeL": 0.30223544883523923,
        "rougeLsum": 0.43420390554884525,
        "bertscore-precision": 0.6698566623032093,
        "bertscore-recall": 0.6503074992448091,
        "bertscore-f1": 0.6582609981298446,
        "bleurt": 0.3850026562809944
    }
}