{
    "num_test": 40,
    "ALL": {
        "rouge1": 0.0012544802867383513,
        "rouge2": 0.0,
        "rougeL": 0.0007168458781362007,
        "rougeLsum": 0.0012544802867383513,
        "bertscore-precision": 0.32354617342352865,
        "bertscore-recall": 0.19871233850717546,
        "bertscore-f1": 0.2452664766460657,
        "bleurt": 0.29134414326399566
    }
}