{
    "num_test": 40,
    "ALL": {
        "rouge1": 0.1812247310089498,
        "rouge2": 0.013164437733423726,
        "rougeL": 0.10008781044890194,
        "rougeLsum": 0.16554929407397231,
        "bertscore-precision": 0.4913372606039047,
        "bertscore-recall": 0.48977567031979563,
        "bertscore-f1": 0.490346635133028,
        "bleurt": 0.3092170968651772
    }
}