{
    "num_test": 40,
    "ALL": {
        "rouge1": 0.1840291373754542,
        "rouge2": 0.012482597421261777,
        "rougeL": 0.10095880707509766,
        "rougeLsum": 0.16772727479325092,
        "bertscore-precision": 0.4885280720889568,
        "bertscore-recall": 0.4881849460303783,
        "bertscore-f1": 0.48805796802043916,
        "bleurt": 0.3131358377635479
    }
}