{
    "num_test": 40,
    "ALL": {
        "rouge1": 0.1909266696908995,
        "rouge2": 0.015488481928786612,
        "rougeL": 0.10289450405459385,
        "rougeLsum": 0.171669257664475,
        "bertscore-precision": 0.4863288581371307,
        "bertscore-recall": 0.4894762016832829,
        "bertscore-f1": 0.4875996232032776,
        "bleurt": 0.31920596621930597
    }
}